timestamp,callsign_verified,type,payload,rssi_dbm,unit_ms
2026-09-30 13:18:10,0,TEXT,"?SEE?H IEENEDI ET5L E E ?ID?IE N",-119,43
2026-09-30 13:18:32,0,TEXT,"IEI??EEAS??DTNI ADI?R EEEEEE EFY? 6ETMI AED?? T?E",-118,40
2026-09-30 13:20:23,0,TEXT,"SSIEN",-117,40
2026-09-30 13:20:32,0,TEXT,"T M?I T TEE? DEET I TTE??V?",-117,43
2026-09-30 13:20:40,0,TEXT,"???EE SI E",-118,40
2026-09-30 13:20:41,0,TEXT,"ES",-117,46
2026-09-30 13:20:45,0,TEXT,"E I ? EAE ?E",-118,43
2026-09-30 13:21:02,0,TEXT,"EEELH?TN I E SEE?5R ETAE EE?G?DTEUE?? EE",-117,40
2026-09-30 13:21:03,0,TEXT,"E",-118,41
2026-09-30 13:21:36,0,TEXT,"? E E ANSR?EEEE ? TSEE RE? ? ??I 6II?T5TEXTE EE E/ EG?EETD? ETE I?E? EEIESR VISE B W ITE",-119,41
2026-09-30 13:21:37,0,TEXT,"EII",-117,45
2026-09-30 13:21:38,0,TEXT,"E",-117,45
